ID,Ailment,Minor_Symptoms,Red_Flags,Remedy_Name,Ingredients,Preparation,Mind_Body_Practice,Practitioner_Type,Evidence_Badge
1,Common Cold,"Runny nose, sneezing, mild throat tickle","Fever >102°F, difficulty breathing, symptoms lasting >10 days",Ginger-Tulsi Tea,"1-inch Ginger, 5-7 Tulsi leaves, 1 tsp Honey","Boil crushed ginger and tulsi in 2 cups water until halved. Strain and add honey.","Steam inhalation with 2 drops Eucalyptus oil",Vaidya (Ayurveda),Traditional Text
2,Dry Cough,Persistent dry tickle in throat,Coughing up blood, wheezing, chest pain,Honey-Pepper Paste,"1 tbsp Honey, 1/4 tsp Black Pepper","Mix fresh honey with a pinch of fine black pepper. Swallow slowly twice a day.","Pranayama (Ujjayi Breath) for 5 mins",Ayurvedic Clinician,Clinical Observation
3,Hyperacidity,"Heartburn, sour burps, mild bloating","Severe abdominal pain, persistent vomiting, black stools",Cold Milk & Fennel,"1/2 cup Cold Milk, 1 tsp Fennel seeds (Saunf)","Sip cold milk slowly. Chew fennel seeds thoroughly after meals.","Sheetali Pranayama (Cooling Breath)",Homeopath / Vaidya,Traditional Text
4,Indigestion,Fullness after eating,Nausea,Severe cramping, fever, inability to pass gas,Ajwain Water,"1 tsp Ajwain (Carom seeds), 1 cup Water","Boil ajwain in water for 5 mins. Drink warm after meals.","Vajrasana (Thunderbolt Pose) for 10 mins",Ayurvedic Doctor,Traditional Text
5,Insomnia,Difficulty falling asleep,Chronic fatigue affecting safety, suicidal thoughts,Ashwagandha Milk,"1/2 tsp Ashwagandha powder, 1 cup warm Milk","Mix powder in warm milk. Drink 30 mins before bedtime.","Yoga Nidra (Guided Relaxation)",Ayurvedic Practitioner,Clinical Trial
6,Stress & Anxiety,"Mild restlessness, racing thoughts","Panic attacks, self-harm thoughts, chest tightness",Brahmi Infusion,"1/2 tsp Brahmi powder (or 5 fresh leaves), 1 cup Water","Steep in hot water for 7 mins. Drink once daily.","Anulom Vilom (Alternate Nostril Breathing)",Counsellor / Vaidya,Traditional Text
7,Joint Pain,Mild morning stiffness,Redness/swelling of joints, inability to move limb,Turmeric-Ginger Paste,"1 tsp Turmeric, 1 tsp Ginger powder, Sesame oil","Mix into a thick paste with warm oil. Apply topically to the affected joint.","Gentle Sukshma Vyayama (Joint Rotations)",Physiotherapist / Vaidya,Clinical Observation
8,Constipation,Irregular bowel movements,Severe bloating, blood in stool, weight loss,Triphala Tea,"1 tsp Triphala powder, 1 cup warm Water","Mix powder in warm water. Let sit for 2 mins. Drink before bed.","Malasana (Garland Pose) in the morning",Ayurvedic Clinician,Traditional Text
9,Fatigue,Mild afternoon slump,Sudden fainting, extreme weakness, pale skin,Amla-Honey Tonic,"2 tbsp fresh Amla juice (or 1 tsp powder), 1 tsp Honey","Mix in a glass of room temperature water. Drink on an empty stomach.","Suryanamaskar (1-2 slow rounds)",Wellness Consultant,Clinical Observation
10,Mouth Ulcers,Small painful sores in mouth,Large ulcers (>1cm), persistent sores >2 weeks,Coconut-Turmeric Dab,"1 tsp Virgin Coconut oil, pinch of Turmeric","Mix and apply directly to the ulcer using a clean fingertip.","Sheetkari Pranayama (Hissing Breath)",Dentist / Vaidya,Traditional Text